species,phenology,tree_mean_pheno,late_winter_prcp,impervious_90m,late_winter_temp,late_winter_prcp_days,irrigated_90m,UID_numeric,tree_canopy_90m,late_winter_mean_tmax,tree_n_obs,unirrigated_90m,water_90m,early_fall_mean_tmax,late_summer_mean_tmax,late_summer_prcp,early_fall_temp,late_summer_temp,late_summer_prcp_days,fall_prcp_days,fall_mean_tmax,fall_cumulative_prcp,late_fall_temp,late_spring_prcp_days,late_spring_temp,spring_prcp,late_spring_mean_tmax
American Elm,Greenup_doy,0.604,0.162,0.068,0.043,0.038,0.036,0.017,0.015,0.009,0.003,0.002,0.002,NA,NA,NA,NA,NA,NA,NA,NA,NA,NA,NA,NA,NA,NA
American Linden,Greenup_doy,0.564,0.068,0.071,0.086,0.029,0.109,0.026,0.024,0.011,0.007,0.003,0.003,NA,NA,NA,NA,NA,NA,NA,NA,NA,NA,NA,NA,NA,NA
Common Hackberry,Greenup_doy,0.6,0.08,0.07,0.088,0.029,0.043,0.023,0.026,0.023,0.005,0.01,0.003,NA,NA,NA,NA,NA,NA,NA,NA,NA,NA,NA,NA,NA,NA
Eastern Cottonwood,Greenup_doy,0.616,0.096,0.032,0.094,0.019,0.071,0.013,0.029,0.014,0.003,0.009,0.004,NA,NA,NA,NA,NA,NA,NA,NA,NA,NA,NA,NA,NA,NA
Green Ash,Greenup_doy,0.679,0.073,0.069,0.087,0.018,0.037,0.006,0.011,0.013,0.002,0.002,0.002,NA,NA,NA,NA,NA,NA,NA,NA,NA,NA,NA,NA,NA,NA
Honey Locust,Greenup_doy,0.671,0.112,0.048,0.064,0.029,0.025,0.012,0.014,0.011,0.006,0.006,0.002,NA,NA,NA,NA,NA,NA,NA,NA,NA,NA,NA,NA,NA,NA
Northern Red Oak,Greenup_doy,0.56,0.079,0.089,0.085,0.028,0.047,0.032,0.046,0.016,0.01,0.002,0.006,NA,NA,NA,NA,NA,NA,NA,NA,NA,NA,NA,NA,NA,NA
Plains Cottonwood,Greenup_doy,0.654,0.081,0.018,0.093,0.017,0.08,0.009,0.009,0.012,0.004,0.019,0.004,NA,NA,NA,NA,NA,NA,NA,NA,NA,NA,NA,NA,NA,NA
Siberian Elm,Greenup_doy,0.519,0.244,0.023,0.092,0.042,0.016,0.014,0.023,0.018,0.003,0.003,0.003,NA,NA,NA,NA,NA,NA,NA,NA,NA,NA,NA,NA,NA,NA
Silver Maple,Greenup_doy,0.524,0.283,0.011,0.113,0.021,0.016,0.006,0.007,0.015,0.002,0.001,0.001,NA,NA,NA,NA,NA,NA,NA,NA,NA,NA,NA,NA,NA,NA
Tree of heaven,Greenup_doy,0.714,0.054,0.038,0.057,0.018,0.037,0.022,0.022,0.03,0.003,0.002,0.003,NA,NA,NA,NA,NA,NA,NA,NA,NA,NA,NA,NA,NA,NA
Western Catalpa,Greenup_doy,0.509,0.068,0.09,0.1,0.047,0.07,0.052,0.033,0.02,0.012,NA,NA,NA,NA,NA,NA,NA,NA,NA,NA,NA,NA,NA,NA,NA,NA
American Elm,Senescence_doy,0.504,NA,0.059,NA,NA,0.03,0.009,0.046,NA,0.004,0.002,0.003,0.083,0.077,0.066,0.064,0.031,0.022,NA,NA,NA,NA,NA,NA,NA,NA
American Linden,Senescence_doy,0.525,NA,0.053,NA,NA,0.03,0.022,0.035,NA,0.008,0.003,0.001,0.012,0.096,0.086,0.065,0.037,0.027,NA,NA,NA,NA,NA,NA,NA,NA
Common Hackberry,Senescence_doy,0.488,NA,0.038,NA,NA,0.021,0.022,0.033,NA,0.005,0.004,0.002,0.081,0.026,0.153,0.038,0.017,0.072,NA,NA,NA,NA,NA,NA,NA,NA
Eastern Cottonwood,Senescence_doy,0.421,NA,0.027,NA,NA,0.026,0.006,0.021,NA,0.004,0.032,0.003,0.014,0.022,0.201,0.073,0.043,0.109,NA,NA,NA,NA,NA,NA,NA,NA
Green Ash,Senescence_doy,0.478,NA,0.059,NA,NA,0.024,0.008,0.017,NA,0.002,0.002,0.002,0.156,0.007,0.107,0.063,0.006,0.071,NA,NA,NA,NA,NA,NA,NA,NA
Honey Locust,Senescence_doy,0.489,NA,0.025,NA,NA,0.016,0.011,0.025,NA,0.002,0.002,0.001,0.093,0.044,0.156,0.069,0.011,0.053,NA,NA,NA,NA,NA,NA,NA,NA
Northern Red Oak,Senescence_doy,0.451,NA,0.052,NA,NA,0.03,0.04,0.033,NA,0.007,0.001,0.014,0.015,0.084,0.072,0.112,0.038,0.051,NA,NA,NA,NA,NA,NA,NA,NA
Plains Cottonwood,Senescence_doy,0.42,NA,0.015,NA,NA,0.039,0.005,0.011,NA,0.001,0.019,0.015,0.066,0.015,0.139,0.047,0.059,0.149,NA,NA,NA,NA,NA,NA,NA,NA
Siberian Elm,Senescence_doy,0.202,NA,0.021,NA,NA,0.018,0.007,0.024,NA,0.007,0.003,0.003,0.03,0.176,0.07,0.348,0.072,0.017,NA,NA,NA,NA,NA,NA,NA,NA
Silver Maple,Senescence_doy,0.47,NA,0.008,NA,NA,0.007,0.002,0.012,NA,0.001,0,0,0.023,0.091,0.091,0.263,0,0.031,NA,NA,NA,NA,NA,NA,NA,NA
Tree of heaven,Senescence_doy,0.362,NA,0.035,NA,NA,0.06,0.023,0.055,NA,0.019,0.006,0.004,0.154,0.008,0.146,0.061,0.003,0.064,NA,NA,NA,NA,NA,NA,NA,NA
Western Catalpa,Senescence_doy,0.375,NA,0.039,NA,NA,0.052,0.035,0.026,NA,0.01,NA,NA,0.205,0.013,0.142,0.061,0.004,0.038,NA,NA,NA,NA,NA,NA,NA,NA
American Elm,Dormancy_doy,0.465,NA,0.05,NA,NA,0.034,0.013,0.043,NA,0.002,0.003,0.003,NA,NA,NA,NA,NA,NA,0.122,0.094,0.087,0.085,NA,NA,NA,NA
American Linden,Dormancy_doy,0.514,NA,0.039,NA,NA,0.065,0.031,0.031,NA,0.004,0.005,0.007,NA,NA,NA,NA,NA,NA,0.126,0.057,0.057,0.065,NA,NA,NA,NA
Common Hackberry,Dormancy_doy,0.492,NA,0.04,NA,NA,0.019,0.014,0.033,NA,0.003,0.018,0.003,NA,NA,NA,NA,NA,NA,0.14,0.164,0.02,0.056,NA,NA,NA,NA
Eastern Cottonwood,Dormancy_doy,0.508,NA,0.036,NA,NA,0.098,0.015,0.037,NA,0.005,0.024,0.013,NA,NA,NA,NA,NA,NA,0.064,0.097,0.031,0.071,NA,NA,NA,NA
Green Ash,Dormancy_doy,0.611,NA,0.032,NA,NA,0.023,0.011,0.013,NA,0.002,0.002,0.002,NA,NA,NA,NA,NA,NA,0.094,0.025,0.085,0.099,NA,NA,NA,NA
Honey Locust,Dormancy_doy,0.529,NA,0.029,NA,NA,0.024,0.012,0.025,NA,0.003,0.006,0.001,NA,NA,NA,NA,NA,NA,0.127,0.118,0.034,0.093,NA,NA,NA,NA
Northern Red Oak,Dormancy_doy,0.434,NA,0.055,NA,NA,0.036,0.032,0.032,NA,0.012,0.002,0.012,NA,NA,NA,NA,NA,NA,0.179,0.048,0.099,0.057,NA,NA,NA,NA
Plains Cottonwood,Dormancy_doy,0.596,NA,0.029,NA,NA,0.052,0.016,0.027,NA,0.003,0.045,0.011,NA,NA,NA,NA,NA,NA,0.053,0.04,0.059,0.069,NA,NA,NA,NA
Siberian Elm,Dormancy_doy,0.371,NA,0.031,NA,NA,0.022,0.024,0.057,NA,0.008,0.006,0.008,NA,NA,NA,NA,NA,NA,0.231,0.099,0.023,0.12,NA,NA,NA,NA
Silver Maple,Dormancy_doy,0.532,NA,0.018,NA,NA,0.028,0.011,0.033,NA,0.003,0.001,0.001,NA,NA,NA,NA,NA,NA,0.158,0.128,0.056,0.032,NA,NA,NA,NA
Tree of heaven,Dormancy_doy,0.464,NA,0.026,NA,NA,0.043,0.026,0.02,NA,0.005,0.006,0.002,NA,NA,NA,NA,NA,NA,0.137,0.162,0.052,0.057,NA,NA,NA,NA
Western Catalpa,Dormancy_doy,0.413,NA,0.045,NA,NA,0.05,0.03,0.044,NA,0.011,NA,NA,NA,NA,NA,NA,NA,NA,0.115,0.153,0.089,0.049,NA,NA,NA,NA
American Elm,Maturity_doy,0.52,NA,0.03,NA,NA,0.03,0.016,0.025,NA,0.003,0.002,0.004,NA,NA,NA,NA,NA,NA,NA,NA,NA,NA,0.212,0.072,0.066,0.02
American Linden,Maturity_doy,0.422,NA,0.048,NA,NA,0.043,0.025,0.037,NA,0.006,0.006,0.007,NA,NA,NA,NA,NA,NA,NA,NA,NA,NA,0.176,0.085,0.127,0.021
Common Hackberry,Maturity_doy,0.185,NA,0.022,NA,NA,0.016,0.021,0.027,NA,0.001,0.003,0.003,NA,NA,NA,NA,NA,NA,NA,NA,NA,NA,0.41,0.229,0.018,0.066
Eastern Cottonwood,Maturity_doy,0.291,NA,0.053,NA,NA,0.018,0.01,0.023,NA,0.003,0.024,0.004,NA,NA,NA,NA,NA,NA,NA,NA,NA,NA,0.451,0.052,0.05,0.02
Green Ash,Maturity_doy,0.233,NA,0.021,NA,NA,0.015,0.01,0.017,NA,0.003,0.001,0.002,NA,NA,NA,NA,NA,NA,NA,NA,NA,NA,0.356,0.185,0.11,0.048
Honey Locust,Maturity_doy,0.319,NA,0.02,NA,NA,0.024,0.009,0.017,NA,0.003,0.004,0.002,NA,NA,NA,NA,NA,NA,NA,NA,NA,NA,0.201,0.243,0.032,0.125
Northern Red Oak,Maturity_doy,0.331,NA,0.039,NA,NA,0.034,0.037,0.086,NA,0.003,0.001,0.004,NA,NA,NA,NA,NA,NA,NA,NA,NA,NA,0.154,0.2,0.057,0.052
Plains Cottonwood,Maturity_doy,0.396,NA,0.033,NA,NA,0.034,0.016,0.037,NA,0.002,0.033,0.021,NA,NA,NA,NA,NA,NA,NA,NA,NA,NA,0.302,0.068,0.041,0.017
Siberian Elm,Maturity_doy,0.47,NA,0.022,NA,NA,0.03,0.016,0.033,NA,0.006,0.002,0.002,NA,NA,NA,NA,NA,NA,NA,NA,NA,NA,0.056,0.247,0.03,0.086
Silver Maple,Maturity_doy,0.404,NA,0.018,NA,NA,0.015,0.007,0.014,NA,0.002,0.001,0.001,NA,NA,NA,NA,NA,NA,NA,NA,NA,NA,0.268,0.128,0.117,0.026
Tree of heaven,Maturity_doy,0.21,NA,0.026,NA,NA,0.033,0.029,0.032,NA,0.004,0.001,0.002,NA,NA,NA,NA,NA,NA,NA,NA,NA,NA,0.323,0.226,0.015,0.1
Western Catalpa,Maturity_doy,0.263,NA,0.037,NA,NA,0.043,0.027,0.026,NA,0.014,NA,NA,NA,NA,NA,NA,NA,NA,NA,NA,NA,NA,0.112,0.346,0.03,0.102
