species,phenology,irrigated_90m,late_winter_temp,impervious_90m,late_winter_prcp_days,late_winter_mean_tmax,late_winter_prcp,tree_canopy_90m,unirrigated_90m,water_90m,late_spring_prcp_days,spring_prcp,late_spring_temp,late_spring_mean_tmax,early_fall_mean_tmax,late_summer_prcp_days,late_summer_mean_tmax,late_summer_temp,late_summer_prcp,early_fall_temp,fall_cumulative_prcp,late_fall_temp,fall_prcp_days,fall_mean_tmax
American Elm,Greenup_doy,0.216,0.182,0.154,0.143,0.103,0.097,0.051,0.05,0.005,NA,NA,NA,NA,NA,NA,NA,NA,NA,NA,NA,NA,NA,NA
American Linden,Greenup_doy,0.295,0.069,0.242,0.073,0.026,0.069,0.108,0.085,0.032,NA,NA,NA,NA,NA,NA,NA,NA,NA,NA,NA,NA,NA,NA
Common Hackberry,Greenup_doy,0.224,0.156,0.148,0.057,0.07,0.057,0.134,0.122,0.031,NA,NA,NA,NA,NA,NA,NA,NA,NA,NA,NA,NA,NA,NA
Eastern Cottonwood,Greenup_doy,0.153,0.222,0.154,0.072,0.078,0.015,0.128,0.133,0.045,NA,NA,NA,NA,NA,NA,NA,NA,NA,NA,NA,NA,NA,NA
Green Ash,Greenup_doy,0.314,0.209,0.215,0.032,0.094,0.032,0.042,0.054,0.009,NA,NA,NA,NA,NA,NA,NA,NA,NA,NA,NA,NA,NA,NA
Honey Locust,Greenup_doy,0.139,0.201,0.148,0.049,0.227,0.085,0.051,0.058,0.042,NA,NA,NA,NA,NA,NA,NA,NA,NA,NA,NA,NA,NA,NA
Littleleaf Linden,Greenup_doy,0.251,0.091,0.177,0.063,0.032,0.054,0.157,0.159,0.015,NA,NA,NA,NA,NA,NA,NA,NA,NA,NA,NA,NA,NA,NA
Northern Red Oak,Greenup_doy,0.267,0.073,0.231,0.062,0.035,0.051,0.135,0.123,0.023,NA,NA,NA,NA,NA,NA,NA,NA,NA,NA,NA,NA,NA,NA
Plains Cottonwood,Greenup_doy,0.249,0.248,0.105,0.028,0.08,0.023,0.095,0.1,0.071,NA,NA,NA,NA,NA,NA,NA,NA,NA,NA,NA,NA,NA,NA
Siberian Elm,Greenup_doy,0.216,0.104,0.114,0.012,0.134,0.165,0.125,0.086,0.045,NA,NA,NA,NA,NA,NA,NA,NA,NA,NA,NA,NA,NA,NA
Silver Maple,Greenup_doy,0.197,0.189,0.122,0.021,0.042,0.219,0.109,0.065,0.035,NA,NA,NA,NA,NA,NA,NA,NA,NA,NA,NA,NA,NA,NA
Tree of heaven,Greenup_doy,0.251,0.073,0.159,0.019,0.143,0.071,0.109,0.151,0.024,NA,NA,NA,NA,NA,NA,NA,NA,NA,NA,NA,NA,NA,NA
Western Catalpa,Greenup_doy,0.173,0.129,0.267,0.024,0.062,0.087,0.11,0.126,0.024,NA,NA,NA,NA,NA,NA,NA,NA,NA,NA,NA,NA,NA,NA
American Elm,Maturity_doy,0.132,NA,0.114,NA,NA,NA,0.101,0.085,0.011,0.298,0.117,0.112,0.032,NA,NA,NA,NA,NA,NA,NA,NA,NA,NA
American Linden,Maturity_doy,0.232,NA,0.192,NA,NA,NA,0.13,0.206,0.009,0.093,0.076,0.052,0.01,NA,NA,NA,NA,NA,NA,NA,NA,NA,NA
Common Hackberry,Maturity_doy,0.157,NA,0.133,NA,NA,NA,0.1,0.109,0.005,0.278,0.162,0.038,0.019,NA,NA,NA,NA,NA,NA,NA,NA,NA,NA
Eastern Cottonwood,Maturity_doy,0.049,NA,0.061,NA,NA,NA,0.063,0.053,0.023,0.575,0.02,0.128,0.028,NA,NA,NA,NA,NA,NA,NA,NA,NA,NA
Green Ash,Maturity_doy,0.118,NA,0.087,NA,NA,NA,0.072,0.081,0.024,0.374,0.066,0.139,0.039,NA,NA,NA,NA,NA,NA,NA,NA,NA,NA
Honey Locust,Maturity_doy,0.148,NA,0.109,NA,NA,NA,0.091,0.071,0.01,0.297,0.108,0.13,0.036,NA,NA,NA,NA,NA,NA,NA,NA,NA,NA
Littleleaf Linden,Maturity_doy,0.261,NA,0.159,NA,NA,NA,0.184,0.146,0.005,0.122,0.058,0.052,0.012,NA,NA,NA,NA,NA,NA,NA,NA,NA,NA
Northern Red Oak,Maturity_doy,0.15,NA,0.172,NA,NA,NA,0.127,0.151,0.032,0.246,0.022,0.081,0.02,NA,NA,NA,NA,NA,NA,NA,NA,NA,NA
Plains Cottonwood,Maturity_doy,0.112,NA,0.132,NA,NA,NA,0.126,0.124,0.088,0.3,0.025,0.072,0.02,NA,NA,NA,NA,NA,NA,NA,NA,NA,NA
Siberian Elm,Maturity_doy,0.064,NA,0.09,NA,NA,NA,0.064,0.083,0.017,0.49,0.051,0.102,0.038,NA,NA,NA,NA,NA,NA,NA,NA,NA,NA
Silver Maple,Maturity_doy,0.049,NA,0.033,NA,NA,NA,0.033,0.023,0.009,0.418,0.072,0.289,0.076,NA,NA,NA,NA,NA,NA,NA,NA,NA,NA
Tree of heaven,Maturity_doy,0.157,NA,0.103,NA,NA,NA,0.141,0.151,0.008,0.234,0.132,0.044,0.029,NA,NA,NA,NA,NA,NA,NA,NA,NA,NA
Western Catalpa,Maturity_doy,0.185,NA,0.193,NA,NA,NA,0.247,0.171,0.002,0.047,0.079,0.055,0.021,NA,NA,NA,NA,NA,NA,NA,NA,NA,NA
American Elm,Senescence_doy,0.148,NA,0.156,NA,NA,NA,0.149,0.131,0.031,NA,NA,NA,NA,0.174,0.074,0.058,0.043,0.022,0.014,NA,NA,NA,NA
American Linden,Senescence_doy,0.226,NA,0.229,NA,NA,NA,0.164,0.213,0.014,NA,NA,NA,NA,0.078,0.023,0.007,0.008,0.026,0.012,NA,NA,NA,NA
Common Hackberry,Senescence_doy,0.201,NA,0.198,NA,NA,NA,0.225,0.227,0.01,NA,NA,NA,NA,0.06,0.015,0.007,0.002,0.045,0.01,NA,NA,NA,NA
Eastern Cottonwood,Senescence_doy,0.158,NA,0.292,NA,NA,NA,0.151,0.118,0.029,NA,NA,NA,NA,0.022,0.035,0.082,0.033,0.062,0.016,NA,NA,NA,NA
Green Ash,Senescence_doy,0.165,NA,0.172,NA,NA,NA,0.16,0.135,0.025,NA,NA,NA,NA,0.134,0.114,0.034,0.017,0.027,0.016,NA,NA,NA,NA
Honey Locust,Senescence_doy,0.15,NA,0.127,NA,NA,NA,0.197,0.184,0.012,NA,NA,NA,NA,0.142,0.031,0.028,0.008,0.095,0.026,NA,NA,NA,NA
Littleleaf Linden,Senescence_doy,0.189,NA,0.236,NA,NA,NA,0.179,0.216,0.007,NA,NA,NA,NA,0.096,0.03,0.004,0.01,0.017,0.017,NA,NA,NA,NA
Northern Red Oak,Senescence_doy,0.13,NA,0.214,NA,NA,NA,0.197,0.126,0.045,NA,NA,NA,NA,0.1,0.057,0.015,0.007,0.076,0.034,NA,NA,NA,NA
Plains Cottonwood,Senescence_doy,0.121,NA,0.2,NA,NA,NA,0.191,0.173,0.091,NA,NA,NA,NA,0.016,0.062,0.057,0.015,0.055,0.019,NA,NA,NA,NA
Siberian Elm,Senescence_doy,0.154,NA,0.128,NA,NA,NA,0.303,0.14,0.033,NA,NA,NA,NA,0.097,0.039,0.012,0.004,0.074,0.015,NA,NA,NA,NA
Silver Maple,Senescence_doy,0.142,NA,0.138,NA,NA,NA,0.259,0.095,0.013,NA,NA,NA,NA,0.105,0.106,0.008,0.026,0.094,0.014,NA,NA,NA,NA
Tree of heaven,Senescence_doy,0.12,NA,0.16,NA,NA,NA,0.182,0.13,0.008,NA,NA,NA,NA,0.255,0.045,0.048,0.019,0.019,0.014,NA,NA,NA,NA
Western Catalpa,Senescence_doy,0.157,NA,0.181,NA,NA,NA,0.28,0.203,0.009,NA,NA,NA,NA,0.053,0.052,0.021,0.017,0.021,0.008,NA,NA,NA,NA
American Elm,Dormancy_doy,0.112,NA,0.129,NA,NA,NA,0.158,0.088,0.023,NA,NA,NA,NA,NA,NA,NA,NA,NA,NA,0.237,0.131,0.093,0.03
American Linden,Dormancy_doy,0.227,NA,0.224,NA,NA,NA,0.136,0.198,0.01,NA,NA,NA,NA,NA,NA,NA,NA,NA,NA,0.089,0.073,0.021,0.023
Common Hackberry,Dormancy_doy,0.207,NA,0.203,NA,NA,NA,0.192,0.138,0.018,NA,NA,NA,NA,NA,NA,NA,NA,NA,NA,0.066,0.064,0.037,0.074
Eastern Cottonwood,Dormancy_doy,0.159,NA,0.123,NA,NA,NA,0.115,0.223,0.044,NA,NA,NA,NA,NA,NA,NA,NA,NA,NA,0.195,0.053,0.056,0.031
Green Ash,Dormancy_doy,0.153,NA,0.235,NA,NA,NA,0.103,0.08,0.038,NA,NA,NA,NA,NA,NA,NA,NA,NA,NA,0.137,0.136,0.048,0.069
Honey Locust,Dormancy_doy,0.193,NA,0.178,NA,NA,NA,0.14,0.136,0.049,NA,NA,NA,NA,NA,NA,NA,NA,NA,NA,0.092,0.13,0.025,0.057
Littleleaf Linden,Dormancy_doy,0.221,NA,0.196,NA,NA,NA,0.18,0.193,0.006,NA,NA,NA,NA,NA,NA,NA,NA,NA,NA,0.047,0.113,0.014,0.029
Northern Red Oak,Dormancy_doy,0.169,NA,0.167,NA,NA,NA,0.119,0.14,0.052,NA,NA,NA,NA,NA,NA,NA,NA,NA,NA,0.123,0.134,0.054,0.042
Plains Cottonwood,Dormancy_doy,0.235,NA,0.119,NA,NA,NA,0.131,0.181,0.069,NA,NA,NA,NA,NA,NA,NA,NA,NA,NA,0.103,0.072,0.059,0.029
Siberian Elm,Dormancy_doy,0.153,NA,0.086,NA,NA,NA,0.133,0.1,0.053,NA,NA,NA,NA,NA,NA,NA,NA,NA,NA,0.3,0.097,0.024,0.054
Silver Maple,Dormancy_doy,0.088,NA,0.056,NA,NA,NA,0.066,0.066,0.009,NA,NA,NA,NA,NA,NA,NA,NA,NA,NA,0.201,0.483,0.019,0.012
Tree of heaven,Dormancy_doy,0.132,NA,0.144,NA,NA,NA,0.198,0.134,0.018,NA,NA,NA,NA,NA,NA,NA,NA,NA,NA,0.263,0.054,0.029,0.029
Western Catalpa,Dormancy_doy,0.18,NA,0.245,NA,NA,NA,0.164,0.152,0.012,NA,NA,NA,NA,NA,NA,NA,NA,NA,NA,0.147,0.044,0.029,0.027
